batch_idx,example_idx,pred_angle,gt_angle,error_degrees,batch_mae,batch_acc
22,89,135.0,180.0,45.0,15.204081535339355,0.6258503198623657
32,130,156.0,180.0,24.0,8.833333015441895,0.7361111044883728
58,232,156.0,180.0,24.0,13.91333293914795,0.5799999833106995
58,235,147.0,180.0,33.0,13.91333293914795,0.5799999833106995
73,294,164.5,180.0,15.5,9.156462669372559,0.7482993006706238
91,364,109.0,195.0,86.0,20.855173110961914,0.5862069129943848
106,426,137.0,160.0,23.0,6.189781188964844,0.5766423344612122
