{
  "timestamp": "20250925_170236",
  "total_dataset_size": 201,
  "predicted_failures": 201,
  "actual_failures_in_subset": 153,
  "crnn_mae_on_subset": 97.76119402985074,
  "crnn_success_rate": 23.880597014925375,
  "srp_mae": 91.18853294375523,
  "srp_success_rate": 15.920398009950254,
  "mae_improvement": 6.572661086095508,
  "success_improvement": -7.96019900497512
}