dataset,example_idx,gt_angle,srp_pred,srp_error,audio_file
validation,32,115.525834651849,114.00000000000001,1.5258346518489816,VAL_S_OFR1_P0024_P0024W0151
validation,42,115.525834651849,114.5,1.0258346518489816,VAL_S_OFR1_P0024_P0024W0098
